country,iso_code,entity_type,year,population,gdp,primary_energy_consumption,energy_per_capita,fossil_share_energy,renewables_share_energy,low_carbon_share_energy,nuclear_share_energy,solar_share_energy,wind_share_energy,hydro_share_energy,greenhouse_gas_emissions
Africa,,Region,1990,643490587,,2610.341064,4056.533447,92.88253784,6.214662552,7.117459297,0.902796924,0,0,6.11780405,
Africa,,Region,1991,660810865,,2605.74707,3943.25708,92.42808533,6.592874527,7.571913242,0.979038715,0,0,6.49389267,
Africa,,Region,1992,678257033,,2642.723389,3896.344971,92.81143188,6.208268642,7.18857193,0.980303288,0,0,6.106872559,
Africa,,Region,1993,696302246,,2650.902588,3807.114746,93.16087341,6.075866699,6.839130402,0.763263464,0,0.00021041,5.963292599,
Africa,,Region,1994,714183914,,2740.532227,3837.291992,93.05460358,5.958602905,6.945394516,0.986791432,0,0.000549518,5.861121178,
Africa,,Region,1995,732395090,,2849.608154,3890.807373,92.93251038,5.961485386,7.067490101,1.106004953,0,0.000616568,5.847633362,
Africa,,Region,1996,751187001,,2923.5354,3891.887695,92.79670715,6.079956055,7.203289509,1.123333573,0,0.000677339,5.943208218,
Africa,,Region,1997,770098458,,2985.12915,3876.29541,92.70677948,6.111552238,7.293218136,1.181665778,0,0.000672728,5.964099407,
Africa,,Region,1998,789672411,,3028.711426,3835.402344,92.42892456,6.318395138,7.571072578,1.252677321,0,0.000699974,6.13903904,
Africa,,Region,1999,809745318,,3121.757813,3855.234131,92.36244965,6.490368843,7.637548923,1.147179604,0,0.001769429,6.316705227,
Africa,,Region,2000,830226481,,3196.580078,3850.250732,92.05155182,6.812817574,7.948448181,1.135630488,0.001055412,0.015319227,6.573046207,273.9700012
Africa,,Region,2001,851317075,,3318.360352,3897.913574,92.07968903,7.023974419,7.92030859,0.896334171,0.001258748,0.03475124,6.765831947,284.7200012
Africa,,Region,2002,873025213,,3361.184326,3850.042725,91.78230286,7.235608101,8.217694283,0.982086599,0.001347919,0.036330409,6.967252731,300.9599915
Africa,,Region,2003,895336412,,3512.795654,3923.436523,92.28218842,6.731312275,7.717813492,0.986501336,0.001502173,0.041725438,6.436218262,318.5499878
Africa,,Region,2004,918363272,,3819.39917,4158.919922,92.51258087,6.53521204,7.487420082,0.952208042,0.001656811,0.054736789,6.214529991,336.9700012
Africa,,Region,2005,942115143,,3787.716553,4020.439209,92.55098724,6.644129753,7.449008942,0.80487901,0.00193193,0.055621829,6.33225584,350.5500183
Africa,,Region,2006,966491337,,3871.460205,4005.685303,92.54550934,6.759122372,7.454487324,0.695364952,0.002433792,0.059133559,6.384560585,368.230011
Africa,,Region,2007,991615906,,4012.791748,4046.719727,92.57039642,6.676439762,7.4296031,0.753163218,0.002936905,0.067638047,6.336038589,382.7399902
Africa,,Region,2008,1017632831,,4258.883301,4185.088379,92.81542206,6.375640392,7.184574127,0.808933556,0.003888341,0.081609629,6.031673431,386.6900024
Africa,,Region,2009,1044356804,,4315.664551,4132.366211,92.7634964,6.454547405,7.236507416,0.781959891,0.005101402,0.097061433,6.079751968,384.0100098
Africa,,Region,2010,1071809929,,4460.19043,4161.363281,92.47080231,6.735987663,7.529196739,0.793209016,0.011793205,0.133973822,6.314655781,411.1799927
Africa,,Region,2011,1099732995,,4529.279297,4118.526367,92.43967438,6.819191456,7.560323715,0.741132319,0.033707667,0.137164176,6.36088419,420.75
Africa,,Region,2012,1128396676,,4734.075684,4195.400391,92.736763,6.554425716,7.263235092,0.708809376,0.051882397,0.137619331,6.06084013,442.2000122
Africa,,Region,2013,1158293959,,4888.161621,4220.13916,92.55615997,6.702683449,7.443837643,0.741154015,0.038759854,0.188928321,6.164254189,447.8399963
Africa,,Region,2014,1188685762,,5049.482422,4247.954102,92.30485535,6.997135162,7.695141315,0.698006153,0.093897231,0.256168664,6.283324718,459.6399841
Africa,,Region,2015,1219484027,,5163.164063,4233.89209,92.37499237,7.022667885,7.625004768,0.602336824,0.174542621,0.438719243,5.954283237,472.0700073
Africa,,Region,2016,1250551239,,5280.842773,4222.812012,92.34963989,6.932607174,7.650363445,0.71775645,0.251195222,0.533978999,5.700225353,479.3099976
Africa,,Region,2017,1282169538,,5444.701172,4246.475098,92.16625214,7.179438114,7.83374548,0.654307246,0.318614691,0.627609789,5.787045002,485.9400024
Africa,,Region,2018,1314609397,,5530.572754,4207.008301,91.87844086,7.598577023,8.121560097,0.522983074,0.3763915,0.666795313,6.070496559,499.7000122
Africa,,Region,2019,1347162538,,5681.83252,4217.629395,91.57963562,7.840519905,8.420368195,0.579847753,0.482745886,0.843743622,6.031164646,503.6000061
Africa,,Region,2020,1379939686,,5412.60498,3922.348877,90.72618866,8.819854736,9.273809433,0.453954697,0.695923388,0.876065016,6.75724411,486.2399902
Africa,,Region,2021,1412811077,,5870.373535,4155.101563,90.76393127,8.715218544,9.236068726,0.520849824,0.735970259,0.967944145,6.555725098,504.5
Africa,,Region,2022,1445862695,,5954.654297,4118.40918,90.66081238,8.920485497,9.339186668,0.418701231,0.714142382,1.024951458,6.712740898,506.9299927
Africa,,Region,2023,1479690254,,6050.291992,4088.890869,90.45652008,9.215276718,9.543483734,0.328207344,0.768357456,1.151153684,6.771502972,506.2799988
Africa,,Region,2024,1514032368,,6139.62793,4055.149658,90.33451843,9.354101181,9.665484428,0.31138286,0.832918823,1.160558224,6.789574146,523.3300171
Asia,,Region,1990,3209094423,,25686.19727,8004.188477,91.83139801,5.051873684,8.168601036,3.116726637,4.34E-05,0.000361705,4.820817947,
Asia,,Region,1991,3268207608,,26742.18555,8182.523438,91.8943634,4.908610344,8.105636597,3.197026253,4.17E-05,0.001282293,4.681147099,
Asia,,Region,1992,3324812378,,27935.55469,8402.144531,92.12354279,4.73490572,7.876458168,3.141552448,0.000154668,0.002203099,4.513204098,
Asia,,Region,1993,3380039932,,29123.30078,8616.259766,91.63551331,5.024381638,8.364484787,3.340103388,0.000272856,0.002966479,4.812704563,
Asia,,Region,1994,3433680236,,30625.48633,8919.143555,91.82969666,4.780127525,8.170303345,3.390175343,0.000327695,0.005262037,4.539538383,
Asia,,Region,1995,3486817949,,31881.82031,9143.52832,91.41957092,4.989715099,8.580430031,3.590714693,0.000432984,0.009747499,4.70816803,
Asia,,Region,1996,3539849816,,33290.74219,9404.563477,91.61740112,4.750860214,8.382597923,3.631737709,0.000607623,0.008180387,4.478057384,
Asia,,Region,1997,3592367920,,34256.44141,9535.894531,91.60933685,4.636395454,8.390665054,3.754269838,0.000946912,0.009731156,4.336203575,
Asia,,Region,1998,3644341780,,34322.67578,9418.072266,91.19233704,4.907984257,8.807661057,3.8996768,0.001359153,0.011843368,4.586740494,
Asia,,Region,1999,3695620583,,35413.875,9582.660156,91.48284149,4.674832344,8.517158508,3.842325687,0.00193373,0.015976936,4.329349041,
Asia,,Region,2000,3746832777,,36891.33203,9846.004883,91.55726624,4.649407387,8.442737579,3.793329954,0.002873454,0.018002667,4.28130722,3027.110107
Asia,,Region,2001,3797954107,,38139.58984,10042.14063,91.48691559,4.816589355,8.513081551,3.696492195,0.004015638,0.023261726,4.445023537,3166.910156
Asia,,Region,2002,3847359674,,40024.75,10403.17383,91.69300842,4.724159718,8.306991577,3.58283186,0.005280475,0.023838393,4.351320744,3412.169922
Asia,,Region,2003,3895799439,,43127.86719,11070.35059,92.51119995,4.547671795,7.488801479,2.941129684,0.006661681,0.029119805,4.171997547,3771.929932
Asia,,Region,2004,3944378395,,47339.00391,12001.63867,92.10365295,4.838200569,7.896348953,3.058148384,0.007975152,0.04680898,4.45390749,4060.689941
Asia,,Region,2005,3992890580,,50966.95313,12764.4248,92.39569092,4.662669182,7.604305744,2.941636562,0.009341406,0.054247662,4.252069473,4416.339844
Asia,,Region,2006,4041771416,,53908.76172,13337.9043,92.30795288,4.852599621,7.69204855,2.839449167,0.010892671,0.079914488,4.401193619,4800.200195
Asia,,Region,2007,4090564345,,57188.98438,13980.70801,92.6205368,4.825957775,7.379466057,2.55350852,0.012244376,0.099515676,4.331010342,5287.540039
Asia,,Region,2008,4139267468,,59053.00781,14266.53613,92.3024292,5.314890862,7.697574139,2.382683277,0.014275215,0.146278307,4.72333765,5432.459961
Asia,,Region,2009,4188829464,,60345.11328,14406.19922,92.39726257,5.176656723,7.602740765,2.426083803,0.017984061,0.221164256,4.465956211,5646.310059
Asia,,Region,2010,4238694946,,64320.45313,15174.58887,91.99397278,5.626696587,8.006027222,2.379330397,0.023806924,0.31686765,4.790104389,6132.640137
Asia,,Region,2011,4288350005,,67605.3125,15764.87793,92.57003021,5.561721802,7.429970741,1.868248463,0.040037382,0.42347613,4.589163303,6726.089844
Asia,,Region,2012,4338443538,,70002.19531,16135.3252,92.59510803,6.12373209,7.40489006,1.281157732,0.057801988,0.532464683,4.991872311,7016.529785
Asia,,Region,2013,4387757369,,71782.39844,16359.70117,92.15149689,6.593783379,7.84850502,1.254721522,0.104801022,0.661839366,5.21955204,7402.430176
Asia,,Region,2014,4435744576,,73772.55469,16631.38086,91.54563141,7.145222664,8.454368591,1.309145927,0.205785677,0.731235504,5.517988205,7714.290039
Asia,,Region,2015,4482088489,,75114.6875,16758.85938,91.09674072,7.460905075,8.903258324,1.442353487,0.311716884,0.815515637,5.615012646,7659.100098
Asia,,Region,2016,4527178153,,76546.83594,16908.28906,90.48414612,7.943875313,9.515851974,1.571976185,0.458149374,1.029999971,5.684981823,7942.790039
Asia,,Region,2017,4571224645,,79234.73438,17333.37109,90.04243469,8.361930847,9.957567215,1.595636487,0.692648172,1.241020441,5.603685379,8363.219727
Asia,,Region,2018,4612352852,,82105.53125,17801.22461,89.42485809,8.861805916,10.57513905,1.713333249,0.947466552,1.42121315,5.507809639,8813.889648
Asia,,Region,2019,4651098724,,84504.66406,18168.75391,88.59919739,9.469623566,11.40080261,1.931179166,1.159256101,1.516847253,5.699556828,8886.740234
Asia,,Region,2020,4686811214,,84082.52344,17940.24023,87.8364563,10.19691563,12.16354752,1.96663177,1.398107886,1.709817171,5.861718655,8871.580078
Asia,,Region,2021,4716999164,,88455.96875,18752.59375,87.29019165,10.66401482,12.70980644,2.045791864,1.649440765,2.208941698,5.459721088,9469.600586
Asia,,Region,2022,4746329727,,90876.89844,19146.77344,86.51511383,11.39701748,13.48488808,2.087870598,2.021556854,2.476051092,5.452174664,9662.620117
Asia,,Region,2023,4776659631,,94503.46875,19784.42578,86.21711731,11.63913155,13.78288078,2.143749237,2.472057819,2.738449574,4.923167706,10095.33984
Asia,,Region,2024,4805539800,,97910.24219,20374.45313,84.98878479,12.84081841,15.01121521,2.170396566,3.14787364,2.946424723,5.196641922,10328.98047
Czechoslovakia,,Region,1990,15570000,2.11312E+11,940.9102783,60430.97656,,,,,,,,
Czechoslovakia,,Region,1991,15590000,1.85261E+11,851.4020996,54612.06641,,,,,,,,
Czechoslovakia,,Region,1992,15620000,1.82442E+11,766.1469727,49049.10156,,,,,,,,
East Germany,,Region,1990,16110000,,1523.845581,94590.03906,,,,,,,,
Europe,,Region,1990,724943715,,35388.60938,48815.66406,86.73895264,5.270828247,13.26104736,7.990219593,9.83E-05,0.00614892,5.096415043,
Europe,,Region,1991,727298534,,34862.17969,47933.79688,86.23293304,5.454125404,13.76707077,8.312945366,0.000124304,0.00784451,5.270049572,
Europe,,Region,1992,728443297,,33621.97266,46155.92188,85.50913239,5.818314552,14.49086666,8.672552109,0.000208361,0.012748628,5.611840248,
Europe,,Region,1993,728848398,,32455.35156,44529.63281,84.51443481,6.187879086,15.48556805,9.297688484,0.000278608,0.019726558,5.945896149,
Europe,,Region,1994,729745970,,31162.06836,42702.625,84.00904083,6.573300838,15.99095726,9.417655945,0.000310825,0.026798166,6.299391747,
Europe,,Region,1995,730260103,,31142.17383,42645.31641,83.69770813,6.639786243,16.30229187,9.662506104,0.000403057,0.034762077,6.331771374,
Europe,,Region,1996,730267162,,31390.42578,42984.85156,83.62911224,6.213021755,16.37088585,10.15786457,0.000425834,0.043084074,5.89289999,
Europe,,Region,1997,730339959,,30845.05664,42233.83594,82.95584869,6.615231037,17.04415131,10.42891979,0.000516534,0.066209182,6.21335125,
Europe,,Region,1998,729796180,,30945.45117,42402.86719,82.83309174,6.89159584,17.16690636,10.27531147,0.000606656,0.100992389,6.416903496,
Europe,,Region,1999,729166727,,30874.37109,42341.99219,82.39241028,7.083373547,17.60759354,10.52421856,0.000727127,0.128913194,6.557714462,
Europe,,Region,2000,729129967,,31106.08203,42661.91797,82.00730896,7.390041828,17.99269485,10.60265255,0.000669937,0.201501086,6.751409054,1837.180054
Europe,,Region,2001,729220001,,31522.99414,43228.37109,81.81521606,7.433981419,18.18478775,10.75080585,0.001713892,0.2369854,6.720975876,1847.930054
Europe,,Region,2002,730126161,,31359.5625,42950.88281,82.16306305,6.959254742,17.83693695,10.87768173,0.00276848,0.320433676,6.089980125,1890.560059
Europe,,Region,2003,731394229,,31873.65625,43579.3125,82.59938049,6.606395245,17.40061951,10.79422379,0.004032581,0.385797501,5.597369671,1966.880005
Europe,,Region,2004,732282324,,32301.49023,44110.70703,82.1388092,7.163397312,17.86119461,10.69779778,0.006340275,0.504440248,5.914562225,1951.329956
Europe,,Region,2005,733101021,,32389.34961,44181.29297,82.10608673,7.372326851,17.89391136,10.52158451,0.012636553,0.597967207,5.888472557,1970.440063
Europe,,Region,2006,733756870,,32830.31641,44742.77344,82.24156189,7.396658897,17.7584362,10.36177635,0.021060828,0.685662568,5.664599895,2028.900024
Europe,,Region,2007,734987444,,32589.94141,44340.8125,82.11042786,7.906740189,17.88957214,9.982831955,0.031848583,0.87185061,5.787708282,2059.159912
Europe,,Region,2008,736658822,,32504.76758,44124.58984,81.65309906,8.393364906,18.34689903,9.953533173,0.062025595,0.991561174,5.923614979,2029.839966
Europe,,Region,2009,738063440,,30545.23438,41385.64844,80.64834595,9.244250298,19.35165405,10.1074028,0.123954825,1.165371895,6.299962044,1860.859985
Europe,,Region,2010,739291483,,31746.00781,42941.125,80.49727631,9.566914558,19.50272751,9.935811996,0.194368333,1.24395597,6.326472282,1915.069946
Europe,,Region,2011,740524016,,31343.11719,42325.58984,80.51038361,9.525666237,19.48961449,9.96394825,0.393038571,1.519202232,5.664516926,1930.560059
Europe,,Region,2012,741642607,,31273.51758,42167.91016,79.66751862,10.57038212,20.33247948,9.762097359,0.599342346,1.73952353,6.07179451,1933.959961
Europe,,Region,2013,742672989,,30951.60742,41675.95703,78.84275818,11.50204182,21.15724373,9.655201912,0.721096575,2.00736165,6.529093266,1854.209961
Europe,,Region,2014,743860819,,30080.32227,40438.10547,77.87436676,12.11617851,22.12563133,10.00945187,0.839372575,2.190489531,6.627996922,1753.300049
Europe,,Region,2015,745474876,,29977.87891,40213.13281,77.66973877,12.42086411,22.33026314,9.909399033,0.930732846,2.622598886,6.288226128,1750.709961
Europe,,Region,2016,747258527,,30335.35742,40595.53125,77.94625092,12.5403471,22.05374908,9.513401985,0.942426383,2.574016809,6.442914963,1730.599976
Europe,,Region,2017,748701837,,30637.14844,40920.35938,78.08238983,12.54323101,21.91760635,9.374375343,0.99874109,3.021450758,5.874848366,1710.869995
Europe,,Region,2018,749853945,,30958.79883,41286.4375,77.53202057,13.22471714,22.46797943,9.243262291,1.05281806,3.115374327,6.300997257,1653.569946
Europe,,Region,2019,750809114,,30507.0293,40632.20313,76.98069,13.69482422,23.01930618,9.324482918,1.170174241,3.595621347,6.011518002,1539.849976
Europe,,Region,2020,750844584,,28626.06641,38125.15625,75.033638,15.82458973,24.96636581,9.141775131,1.455885172,4.276810169,6.932298183,1378
Europe,,Region,2021,749949128,,29823.74023,39767.68359,75.27698517,15.46100426,24.72301292,9.262007713,1.558653712,3.945634127,6.788757801,1480.790039
Europe,,Region,2022,748314268,,29128.34375,38925.28125,76.1315918,15.60742664,23.8684063,8.260980606,1.998216629,4.477579117,5.929720402,1504.810059
Europe,,Region,2023,746966209,,28746.48438,38484.31641,74.4797287,17.2432766,25.52026939,8.276991844,2.403556347,5.017947674,6.690205574,1303.349976
Europe,,Region,2024,746460441,,29280.27734,39225.49219,73.75224304,17.84869766,26.24775505,8.399057388,2.819545746,5.019137859,7.021518707,1258.660034
Europe,,Region,2025,745787940,,,,,,,,,,,1254.589966
European Union (27),,Region,1990,419997519,,17739.375,42236.85547,83.71996307,4.801165581,16.28003693,11.47887135,0.000180335,0.01212928,4.481502533,
European Union (27),,Region,1991,421419173,,17589.60352,41738.97266,83.03157806,5.066196442,16.96842194,11.90222454,0.000214711,0.015411371,4.731127739,
European Union (27),,Region,1992,422863649,,17292.35547,40893.45313,82.49119568,5.382199764,17.50880814,12.12660789,0.000356796,0.024263298,5.016444206,
European Union (27),,Region,1993,424104740,,17167.38086,40479.10547,81.81964111,5.596062183,18.18035698,12.58429432,0.000461588,0.033648435,5.183357239,
European Union (27),,Region,1994,425189040,,17114.42578,40251.33203,81.61207581,5.797497272,18.38792038,12.59042358,0.000484051,0.043023534,5.353426933,
European Union (27),,Region,1995,425847857,,17576.00195,41272.96094,81.70741272,5.685148239,18.29258537,12.60743809,0.000618187,0.055187192,5.196959972,
European Union (27),,Region,1996,426181943,,18126.11914,42531.41016,81.65094757,5.509662628,18.34904861,12.83938694,0.000628932,0.066927366,5.017473221,
European Union (27),,Region,1997,426651685,,18018.70508,42232.82422,81.16364288,5.814090729,18.83635902,13.0222683,0.000774599,0.102774739,5.197109699,
European Union (27),,Region,1998,426655455,,18140.99414,42519.07422,81.11042786,6.049244404,18.88957214,12.84032726,0.00091038,0.158474162,5.328715801,
European Union (27),,Region,1999,426830677,,18020.73242,42219.86328,80.7220459,6.118659496,19.2779541,13.15929413,0.001073769,0.207151592,5.33080101,
European Union (27),,Region,2000,427627361,,18025.58203,42152.54688,80.15839386,6.501444817,19.84160805,13.34016323,0.000886568,0.332354635,5.526531219,1098.800049
European Union (27),,Region,2001,428578326,,18356.68164,42831.56641,79.75848389,6.775737762,20.24151611,13.46577835,0.002632616,0.39158684,5.69097662,1104.140015
European Union (27),,Region,2002,429890525,,18268.4707,42495.63281,80.26673889,6.111841202,19.73326111,13.62141991,0.004395039,0.529363036,4.776116371,1142.209961
European Union (27),,Region,2003,431461841,,18602.23438,43114.4375,80.55807495,6.071059227,19.44192314,13.37086391,0.006501722,0.638171136,4.522208214,1187.699951
European Union (27),,Region,2004,433058605,,18876.91406,43589.74609,79.9517746,6.632243633,20.04822731,13.4159832,0.01043321,0.830768168,4.706612587,1181.410034
European Union (27),,Region,2005,434557134,,18880.05664,43446.66016,80.18056488,6.686513901,19.81943893,13.13292408,0.021161556,0.975924015,4.405888081,1182.280029
European Union (27),,Region,2006,435683170,,19008.96875,43630.25781,79.97031403,7.083301544,20.02968788,12.94638729,0.035770554,1.114321589,4.404863834,1198.359985
European Union (27),,Region,2007,436994510,,18781.16406,42978.03125,79.85540009,7.713867664,20.14459801,12.43073082,0.05454167,1.42390573,4.406359196,1217.530029
European Union (27),,Region,2008,438548227,,18720.18555,42686.71875,78.94280243,8.495009422,21.05720139,12.56219196,0.106840469,1.607292533,4.648309708,1161.280029
European Union (27),,Region,2009,439690812,,17585.41406,39994.95313,77.99929047,9.598103523,22.00070572,12.40260315,0.214104682,1.869237542,4.963505745,1073.849976
European Union (27),,Region,2010,440608965,,18308.40234,41552.49609,77.27867889,10.47569752,22.72132301,12.24562645,0.335126311,1.996686935,5.360722065,1087.929932
European Union (27),,Region,2011,441440625,,17768.26563,40250.63672,77.00057983,10.68744469,22.99942017,12.31197643,0.687012494,2.42562151,4.51394701,1095.570068
European Union (27),,Region,2012,441999248,,17569.77344,39750.6875,75.85759735,12.13141632,24.14240265,12.01098633,1.037876964,2.77654767,4.890752792,1079.73999
European Union (27),,Region,2013,442399413,,17433.59766,39406.91797,74.85248566,13.20788956,25.14751053,11.93962097,1.235171914,3.107825279,5.430372715,1029.800049
European Union (27),,Region,2014,442964758,,16871.61914,38087.94922,73.50773621,14.11762619,26.49226189,12.37463474,1.413794518,3.367483616,5.616987705,968.2300415
European Union (27),,Region,2015,443910920,,17074.25391,38463.24219,74.00229645,14.22110748,25.99770164,11.77659512,1.49265039,3.945024252,5.014293671,999.8099976
European Union (27),,Region,2016,444911502,,17240.17188,38749.66406,74.46601105,14.23268509,25.53398895,11.30130386,1.470921278,3.933414698,5.073911667,987.2000122
European Union (27),,Region,2017,445696788,,17562.96094,39405.625,75.0594635,14.0291729,24.94053841,10.91136551,1.533439755,4.495007038,4.212923527,995.0199585
European Union (27),,Region,2018,446503671,,17504.51953,39203.52734,73.96891022,15.09781551,26.03109169,10.93327618,1.625459075,4.609793663,4.916898251,934.4199829
European Union (27),,Region,2019,447369201,,17256.72461,38573.78906,73.09650421,15.81242275,26.9034977,11.09107494,1.796787381,5.294521332,4.596909046,825.9799805
European Union (27),,Region,2020,447777523,,15949.86035,35620.05469,70.84950256,18.44750214,29.15049553,10.70299339,2.258783817,6.242717266,5.415899277,719.0599976
European Union (27),,Region,2021,447705920,,16806.00391,37538.04297,71.3482666,17.81162453,28.65173721,10.84011173,2.407800913,5.742164612,5.146635056,783.5
European Union (27),,Region,2022,449113463,,16149.71289,35959.09375,72.03098297,18.6007843,27.96901321,9.368228912,3.217026234,6.493834972,4.226414204,809.7800293
European Union (27),,Region,2023,450657572,,15695.72363,34828.49219,68.94812012,21.29429817,31.05188179,9.757584572,3.967115641,7.560211182,5.17834425,639.1799927
European Union (27),,Region,2024,450259560,,15902.26074,35317.98438,67.61457062,22.29078674,32.38542938,10.09464169,4.707606316,7.608490944,5.726992607,585.710022
European Union (27),,Region,2025,448992615,,,,,,,,,,,587.0999756
High-income countries,,Region,1990,1187956164,,67121.99219,56502.07813,86.02127075,6.087921619,13.9787302,7.890808582,0.00160275,0.014969325,5.593677044,
High-income countries,,Region,1991,1196239408,,67329.02344,56283.90234,85.55503845,6.181197166,14.44496346,8.263766289,0.00207908,0.016434873,5.661857128,
High-income countries,,Region,1992,1203963230,,67529.44531,56089.29297,85.54431152,6.147283077,14.45569229,8.308408737,0.001904763,0.018655732,5.592102051,
High-income countries,,Region,1993,1210728993,,67787.75,55989.20313,85.00778198,6.418431282,14.99222088,8.573789597,0.002260907,0.022215283,5.83484602,
High-income countries,,Region,1994,1217906022,,68156.86719,55962.33594,85.0646286,6.271114826,14.93537045,8.664255142,0.002405415,0.026788265,5.664054394,
High-income countries,,Region,1995,1224543783,,69338.10938,56623.625,84.62597656,6.504733562,15.37402153,8.869288445,0.002521555,0.028754806,5.892079353,
High-income countries,,Region,1996,1230513703,,71005.35156,57703.82813,84.68756104,6.373880863,15.31244183,8.938560486,0.00266789,0.032201275,5.76771307,
High-income countries,,Region,1997,1236583684,,71216.54688,57591.36719,84.62069702,6.554787636,15.37930202,8.824514389,0.002850026,0.042019516,5.896793365,
High-income countries,,Region,1998,1242177352,,71425.11719,57499.93359,84.56615448,6.458383083,15.43384838,8.975464821,0.003069059,0.056097195,5.764368534,
High-income countries,,Region,1999,1247730970,,72431.17188,58050.3125,84.34224701,6.447729111,15.65775013,9.210021019,0.003374924,0.07347741,5.725193501,
High-income countries,,Region,2000,1253937735,,73759.65625,58822.42188,84.35440063,6.425366402,15.64559937,9.220232964,0.003810667,0.108703338,5.654614925,5365.910156
High-income countries,,Region,2001,1260506416,,73741.83594,58501.75391,84.45823669,6.140602589,15.54176712,9.401165009,0.005082151,0.13069807,5.318687439,5370.080078
High-income countries,,Region,2002,1267822166,,74388.32031,58674.09766,84.4682312,6.169068336,15.53176594,9.362697601,0.006298077,0.179362386,5.233750343,5491.629883
High-income countries,,Region,2003,1275305584,,75259.63281,59013.01953,85.03115845,6.050157547,14.96884155,8.918684006,0.007748896,0.213130385,5.03001976,5678.689941
High-income countries,,Region,2004,1282405681,,76828.58594,59909.73438,84.74688721,6.190334797,15.25311565,9.062781334,0.010000303,0.275237411,5.035074711,5711.040039
High-income countries,,Region,2005,1289639261,,77404.53125,60020.29688,84.72028351,6.323086739,15.2797184,8.95663166,0.014002398,0.332234442,5.017841816,5852.540039
High-income countries,,Region,2006,1297063813,,77842.11719,60014.10156,84.5438385,6.502019882,15.45615959,8.954139709,0.019142073,0.408841223,5.001150131,5883.740234
High-income countries,,Region,2007,1305649028,,78581.96094,60186.12891,84.82434845,6.57841444,15.1756525,8.597238541,0.02553062,0.514580786,4.83355999,6085.330078
High-income countries,,Region,2008,1314867453,,78135.36719,59424.51953,84.46377563,6.994452477,15.53622246,8.541769981,0.041718099,0.643495142,4.938537121,6025.139648
High-income countries,,Region,2009,1323319806,,74510.92188,56306.05859,83.62221527,7.594045162,16.37778664,8.783741951,0.072475687,0.803421021,5.17987299,5614.410156
High-income countries,,Region,2010,1331186276,,77652.28906,58333.14844,83.82106018,7.627189636,16.17894363,8.551753044,0.110106029,0.902391016,4.974349499,5864.660156
High-income countries,,Region,2011,1339286565,,77322.10938,57733.80469,83.85956573,8.08220005,16.14043617,8.058235168,0.206179067,1.110455632,5.018754482,5846.149902
High-income countries,,Region,2012,1347506296,,76881.95313,57054.98438,84.08325958,8.504875183,15.91674232,7.411866665,0.314380914,1.281280637,5.034592152,5881.339844
High-income countries,,Region,2013,1355469061,,77613.19531,57259.28906,83.75775909,8.934967041,16.242239,7.307272434,0.407317698,1.461151958,5.111020565,5815.509766
High-income countries,,Region,2014,1363592543,,77376.10156,56744.29688,83.43265533,9.19089222,16.56734657,7.37645483,0.53806895,1.564928532,5.040728569,5742.910156
High-income countries,,Region,2015,1372281696,,77674.08594,56602.14453,83.2602005,9.453436852,16.73980141,7.286365032,0.655220449,1.805792451,4.859845638,5641.919922
High-income countries,,Region,2016,1380894709,,78164.03125,56603.90234,83.04803467,9.776221275,16.95196724,7.175746441,0.752723396,1.919968247,4.940707684,5561.319824
High-income countries,,Region,2017,1388094202,,78806.3125,56773.02734,82.86341858,10.10722923,17.13657761,7.02934885,0.896219492,2.181315184,4.833664894,5533.569824
High-income countries,,Region,2018,1394159697,,80034.59375,57407.04688,82.69484711,10.37264061,17.3051548,6.932514191,1.005025506,2.267595053,4.872210503,5501.100098
High-income countries,,Region,2019,1400146576,,79204.40625,56568.65234,82.18388367,10.72878265,17.81611443,7.087331295,1.160722852,2.53527832,4.73449707,5226.890137
High-income countries,,Region,2020,1403650770,,74126.40625,52809.72266,80.60127258,12.22281933,19.39872932,7.175909996,1.480101347,3.044984341,5.275574207,4837.120117
High-income countries,,Region,2021,1404873283,,77363.38281,55067.87109,80.9093399,12.07040977,19.0906601,7.02025032,1.680113554,3.010176897,4.930953026,5082.149902
High-income countries,,Region,2022,1410112397,,78006.21875,55319.14844,80.96951294,12.450634,19.03048515,6.579851627,2.048739672,3.361415148,4.590126038,5121.129883
High-income countries,,Region,2023,1416794460,,77329.74219,54580.77734,80.11412048,13.15878487,19.88587761,6.727091789,2.417444944,3.541202545,4.683343887,4810.939941
High-income countries,,Region,2024,1420176158,,78513.92188,55284.63672,79.49079132,13.73301983,20.50921249,6.776192188,2.810328245,3.671818972,4.747045994,4802.640137
Kosovo,,Region,2000,1802488,,,,,,,,,,,2.930000067
Kosovo,,Region,2001,1820013,,,,,,,,,,,3.710000038
Kosovo,,Region,2002,1829467,,,,,,,,,,,3.690000057
Kosovo,,Region,2003,1826436,,,,,,,,,,,3.609999895
Kosovo,,Region,2004,1822778,,,,,,,,,,,4
Kosovo,,Region,2005,1818356,,,,,,,,,,,4.389999866
Kosovo,,Region,2006,1813077,,,,,,,,,,,4.369999886
Kosovo,,Region,2007,1807098,,,,,,,,,,,4.78000021
Kosovo,,Region,2008,1800861,,24.30422592,13495.89258,,,,,,,,5.130000114
Kosovo,,Region,2009,1794688,,27.27843475,15199.54199,,,,,,,,4.900000095
Kosovo,,Region,2010,1788756,,26.97066116,15077.88672,,,,,,,,5.050000191
Kosovo,,Region,2011,1791949,,27.21265984,15186.06836,,,,,,,,5.75
Kosovo,,Region,2012,1806538,,27.09672165,14999.25391,,,,,,,,5.900000095
Kosovo,,Region,2013,1817171,,25.83446121,14216.85742,,,,,,,,6.449999809
Kosovo,,Region,2014,1808983,,23.90398598,13214.04688,,,,,,,,5.340000153
Kosovo,,Region,2015,1779019,,27.41145325,15408.18457,,,,,,,,6.039999962
Kosovo,,Region,2016,1761765,,28.28690147,16056.00195,,,,,,,,5.800000191
Kosovo,,Region,2017,1768125,,25.39790535,14364.31543,,,,,,,,5.800000191
Kosovo,,Region,2018,1767748,,25.75888443,14571.58203,,,,,,,,5.679999828
Kosovo,,Region,2019,1755048,,28.32516098,16139.25098,,,,,,,,6.099999905
Kosovo,,Region,2020,1751413,,28.37125397,16199.06543,,,,,,,,6.420000076
Kosovo,,Region,2021,1741449,,30.94878387,17771.85742,,,,,,,,6.53000021
Kosovo,,Region,2022,1717950,,30.3024025,17638.69922,,,,,,,,6.53000021
Kosovo,,Region,2023,1700039,,26.8106041,15770.58203,,,,,,,,5.610000134
Kosovo,,Region,2024,1684796,,,,,,,,,,,6.260000229
Kosovo,,Region,2025,1674131,,,,,,,,,,,4.820000172
Low-income countries,,Region,1990,292663595,,588.2894287,2010.121704,,,,,,,,
Low-income countries,,Region,1991,300360059,,564.6750488,1879.993774,,,,,,,,
Low-income countries,,Region,1992,309369865,,574.6434937,1857.464355,,,,,,,,
Low-income countries,,Region,1993,319277771,,603.0709839,1888.859863,,,,,,,,
Low-income countries,,Region,1994,328801392,,598.0449829,1818.863892,,,,,,,,
Low-income countries,,Region,1995,338406194,,638.9313354,1888.060425,,,,,,,,
Low-income countries,,Region,1996,348513467,,640.1331177,1836.75293,,,,,,,,
Low-income countries,,Region,1997,358535391,,649.3433838,1811.099854,,,,,,,,
Low-income countries,,Region,1998,368772687,,638.4048462,1731.160889,,,,,,,,
Low-income countries,,Region,1999,379366090,,713.5598755,1880.92688,,,,,,,,
Low-income countries,,Region,2000,389723485,,700.3579102,1797.063599,,,,,,,,29.93000031
Low-income countries,,Region,2001,400384099,,698.7860718,1745.289307,,,,,,,,31.71999931
Low-income countries,,Region,2002,412284807,,716.0203247,1736.712891,,,,,,,,33.36999893
Low-income countries,,Region,2003,424679097,,729.4359131,1717.616699,,,,,,,,35.91999817
Low-income countries,,Region,2004,436967699,,777.256958,1778.751465,,,,,,,,36.61000061
Low-income countries,,Region,2005,449724246,,825.4065552,1835.36145,,,,,,,,40.13999939
Low-income countries,,Region,2006,463303557,,843.3718262,1820.343994,,,,,,,,42.61999893
Low-income countries,,Region,2007,477111736,,847.5396118,1776.396484,,,,,,,,42.85000229
Low-income countries,,Region,2008,490973774,,895.0704346,1823.051392,,,,,,,,46.47000122
Low-income countries,,Region,2009,505164159,,869.4491577,1721.12207,,,,,,,,50.97000122
Low-income countries,,Region,2010,519647365,,887.1283569,1707.173828,,,,,,,,53.13999939
Low-income countries,,Region,2011,534392915,,803.0134277,1502.664795,,,,,,,,46.54999924
Low-income countries,,Region,2012,549004721,,744.2820435,1355.693359,,,,,,,,41.18999863
Low-income countries,,Region,2013,563040135,,727.4830322,1292.0625,,,,,,,,36.93999863
Low-income countries,,Region,2014,577051647,,723.8764648,1254.439697,,,,,,,,34.95999908
Low-income countries,,Region,2015,591583770,,664.8323975,1123.817871,,,,,,,,35.30999756
Low-income countries,,Region,2016,607210136,,684.5869141,1127.429932,,,,,,,,39.09999847
Low-income countries,,Region,2017,623824285,,806.4144897,1292.694946,,,,,,,,39.59999847
Low-income countries,,Region,2018,641385698,,812.3192749,1266.506714,,,,,,,,43.23999786
Low-income countries,,Region,2019,659875267,,842.7467041,1277.130249,,,,,,,,43.63999939
Low-income countries,,Region,2020,678679145,,789.7537231,1163.662842,,,,,,,,40.31999969
Low-income countries,,Region,2021,697273071,,778.9892578,1117.19397,,,,,,,,40.52000046
Low-income countries,,Region,2022,715844683,,797.4302368,1113.971069,,,,,,,,38.81000137
Low-income countries,,Region,2023,735385966,,816.9927368,1110.971313,,,,,,,,44.38999939
Low-income countries,,Region,2024,755559274,,,,,,,,,,,44.62999725
Lower-middle-income countries,,Region,1990,1711864220,,3968.318848,2318.127197,90.83459473,8.685993195,9.165407181,0.479414016,0,0.002131813,8.21427536,
Lower-middle-income countries,,Region,1991,1752608523,,4107.709473,2343.769043,90.66584015,8.937634468,9.334157944,0.39652434,0,0.007674764,8.482380867,
Lower-middle-income countries,,Region,1992,1793067376,,4258.375,2374.910645,91.08479309,8.459228516,8.915204048,0.455975831,0,0.005799223,8.024284363,
Lower-middle-income countries,,Region,1993,1833937911,,4421.895996,2411.148193,91.07698822,8.50424099,8.923008919,0.418767214,0,0.005982732,8.077887535,
Lower-middle-income countries,,Region,1994,1874934474,,4629.031738,2468.90332,90.72523499,8.941020966,9.274762154,0.333740741,0,0.011537486,8.474822998,
Lower-middle-income countries,,Region,1995,1916258972,,4954.479004,2585.495605,91.2946701,8.246984482,8.705330849,0.458346784,5.69E-05,0.027968558,7.794411182,
Lower-middle-income countries,,Region,1996,1957849353,,5187.45459,2649.567871,91.68057251,7.84993124,8.319430351,0.469499528,0.000326002,0.047248404,7.361199379,
Lower-middle-income countries,,Region,1997,1999733954,,5417.036133,2708.878418,92.22809601,7.230107307,7.771903038,0.54179585,0.000312053,0.050870955,6.702858925,
Lower-middle-income countries,,Region,1998,2042077792,,5690.422852,2786.584717,91.53475952,7.888421535,8.465236664,0.576815248,0.000297154,0.052903794,7.272236824,
Lower-middle-income countries,,Region,1999,2084331968,,5927.584961,2843.877686,91.60314178,7.794134617,8.396860123,0.602725685,0.000285216,0.068779148,7.074923038,
Lower-middle-income countries,,Region,2000,2126916405,,6201.630371,2915.784668,92.0703125,7.178190708,7.9296875,0.751496792,0.000346776,0.077779174,6.367777824,643.3099976
Lower-middle-income countries,,Region,2001,2169845903,,6303.018066,2904.822998,92.08117676,6.996151447,7.918821812,0.922670364,0.000568714,0.108800858,6.204041958,673.2399902
Lower-middle-income countries,,Region,2002,2211922405,,6513.202148,2944.588867,92.48173523,6.621234417,7.518268108,0.897033691,0.000666995,0.10533011,5.853951454,708.2399902
Lower-middle-income countries,,Region,2003,2253565571,,6709.92041,2977.468506,92.43812561,6.744869709,7.561877728,0.817008376,0.000836173,0.126208127,5.964736938,738.8399658
Lower-middle-income countries,,Region,2004,2295613093,,7254.05957,3159.966064,91.56376648,7.548306942,8.436231613,0.887925267,0.000927871,0.222481564,6.673116684,785.4000244
Lower-middle-income countries,,Region,2005,2337232229,,7613.334473,3257.414551,92.14805603,7.133580685,7.851945877,0.718365312,0.001021533,0.238474116,6.300462723,809
Lower-middle-income countries,,Region,2006,2379086325,,7877.088379,3310.972168,91.57242584,7.74022007,8.427575111,0.687355399,0.000698673,0.347097427,6.733121395,849.6199951
Lower-middle-income countries,,Region,2007,2421832593,,8457.615234,3492.237793,91.60045624,7.763277531,8.399542809,0.636265516,0.002426226,0.400580972,6.68086338,895.2099609
Lower-middle-income countries,,Region,2008,2464297892,,8901.775391,3612.296875,92.2209549,7.273851871,7.779043674,0.50519222,0.002652368,0.466444135,6.064987183,941.3499756
Lower-middle-income countries,,Region,2009,2507036280,,9404.334961,3751.17627,92.57017517,6.887531281,7.429822445,0.542291164,0.003362699,0.498143017,5.657648563,997.9799805
Lower-middle-income countries,,Region,2010,2550520230,,9815.037109,3848.249023,92.46833801,6.849232197,7.531665802,0.682433367,0.005600982,0.577525795,5.482823372,1065.5
Lower-middle-income countries,,Region,2011,2594096178,,10328.80859,3981.659912,91.53431702,7.554783821,8.465680122,0.91089654,0.0311809,0.664061844,6.025930882,1137.650024
Lower-middle-income countries,,Region,2012,2637381315,,10725.25,4066.628418,92.31062317,6.824642658,7.689377308,0.864734709,0.068552636,0.718312979,5.189461231,1223.359985
Lower-middle-income countries,,Region,2013,2680848784,,11098.92285,4140.078125,91.38084412,7.749593735,8.61915493,0.869560659,0.088399701,0.77127707,6.046653748,1279.660034
Lower-middle-income countries,,Region,2014,2724066420,,11718.11035,4301.697754,91.42557526,7.716209888,8.574428558,0.858218312,0.12145339,0.8116166,5.870653152,1404.48999
Lower-middle-income countries,,Region,2015,2765984952,,12190.25781,4407.203125,91.88204956,7.229561329,8.117954254,0.888392985,0.166408315,0.812485218,5.410289764,1500.02002
Lower-middle-income countries,,Region,2016,2807490854,,12787.2793,4554.700195,91.85506439,7.292918205,8.144936562,0.852018654,0.289920926,1.011936426,5.16117239,1613.780029
Lower-middle-income countries,,Region,2017,2848767185,,13358.19336,4689.11377,91.34668732,7.797447681,8.653312683,0.855864942,0.484461874,1.153250098,5.426708221,1670.210083
Lower-middle-income countries,,Region,2018,2889324239,,14055.02051,4864.466309,91.15213013,7.989274025,8.847868919,0.858594418,0.739353716,1.278892398,5.149458408,1784.199951
Lower-middle-income countries,,Region,2019,2929401303,,14480.91504,4943.301758,90.76103973,8.30563736,9.238960266,0.93332243,1.002378464,1.344296813,5.136065483,1825.409912
Lower-middle-income countries,,Region,2020,2969245757,,13825.93066,4656.37793,89.79454041,9.233193398,10.20546055,0.972267568,1.44588244,1.352548957,5.558605194,1779.790039
Lower-middle-income countries,,Region,2021,3007019418,,14887.33105,4950.859863,89.65331268,9.35532093,10.34668636,0.991365314,1.78055191,1.453682423,5.234248638,1890.52002
Lower-middle-income countries,,Region,2022,3044254723,,15482.0625,5085.666016,88.75411987,10.15368652,11.24588394,1.092197418,2.151575089,1.545106053,5.493242264,1970.719971
Lower-middle-income countries,,Region,2023,3083154885,,16290.77051,5283.798828,89.29720306,9.640247345,10.70279503,1.062548637,2.347898483,1.697340965,4.630889893,2093.959961
Lower-middle-income countries,,Region,2024,3122339016,,17091.44141,5473.922363,88.9393692,9.948720932,11.0606308,1.111909628,2.645785809,1.637342095,4.677852631,2187.579834
North America,,Region,1990,427527970,,27497.80078,64318.13281,85.77008057,7.296340942,14.22991753,6.933577061,0.003776434,0.028640416,6.351806164,
North America,,Region,1991,433792318,,27517.41211,63434.53125,85.16201782,7.393062115,14.83798504,7.444922924,0.004875256,0.030288609,6.393846035,
North America,,Region,1992,440060892,,27954.51563,63524.19922,85.55860138,7.095674992,14.44139576,7.345720291,0.00413496,0.029738052,6.04929018,
North America,,Region,1993,446185596,,28533.44336,63949.71875,85.41285706,7.337242126,14.58714676,7.249904156,0.004710548,0.03032501,6.282972336,
North America,,Region,1994,452083583,,29190.02539,64567.76172,85.50653076,6.978623867,14.49346733,7.514843464,0.00486905,0.033999428,5.93193531,
North America,,Region,1995,457858573,,29784.50977,65051.76953,84.91531372,7.445288658,15.08469009,7.639400959,0.004908583,0.030671909,6.429349422,
North America,,Region,1996,463530247,,30763.92969,66368.76563,84.87069702,7.770105839,15.12930012,7.359194279,0.005024891,0.030560579,6.795442104,
North America,,Region,1997,469106576,,31037.26172,66162.49219,85.50457764,7.707293034,14.49542618,6.788132668,0.00491141,0.031314801,6.705584526,
North America,,Region,1998,474677559,,31243.35156,65820.15625,85.74460602,7.198566437,14.25539589,7.056829929,0.004842988,0.028664622,6.187533379,
North America,,Region,1999,480238641,,31834.67969,66289.28906,85.27359009,7.272005081,14.72641087,7.454405785,0.004726811,0.04232252,6.245193958,
North America,,Region,2000,485805117,,32699.77734,67310.48438,85.69541168,6.839948654,14.30459023,7.464642048,0.004633674,0.052497454,5.802994251,2618.060059
North America,,Region,2001,491432309,,32026.43945,65169.58594,86.09246063,6.158001423,13.90754128,7.749539852,0.005228532,0.063958928,5.072432518,2593.75
North America,,Region,2002,497028245,,32593.18359,65576.11719,85.69293976,6.652377605,14.3070612,7.65468359,0.005357744,0.094642214,5.479846001,2633.47998
North America,,Region,2003,502587589,,32750.45117,65163.66797,85.96421051,6.604067326,14.03578949,7.431722164,0.00538218,0.102883153,5.378559589,2682.799805
North America,,Region,2004,508166874,,33449.82422,65824.48438,85.89996338,6.537386894,14.10003948,7.562652111,0.005897435,0.127015635,5.246378899,2711.040039
North America,,Region,2005,513798980,,33692.78125,65575.80469,85.79505157,6.784146786,14.20494843,7.420801163,0.006284052,0.159474298,5.420057774,2777.349854
North America,,Region,2006,519545243,,33436.67969,64357.58984,85.37062073,7.099547863,14.62937737,7.529829502,0.006944068,0.239291772,5.5411129,2745.820068
North America,,Region,2007,525495121,,34065.12891,64824.82422,85.6388092,6.892038822,14.36119366,7.469155312,0.00895483,0.301412374,5.164074421,2835.399902
North America,,Region,2008,531570001,,33415.00781,62860.97266,84.83925629,7.589059353,15.16074085,7.571681976,0.013512118,0.478712291,5.476855278,2768.280029
North America,,Region,2009,537617447,,31895.75781,59327.98047,84.02161407,8.193380356,15.97838402,7.785003662,0.018507313,0.682506561,5.692622185,2563.48999
North America,,Region,2010,543593308,,32819.54688,60375.1875,84.32906342,8.127830505,15.67093849,7.54310751,0.026739525,0.84878695,5.339821815,2691.719971
North America,,Region,2011,549552428,,32834.34766,59747.43359,83.49280548,9.087244034,16.50719833,7.419953823,0.043226026,1.066140652,5.962509632,2605.48999
North America,,Region,2012,555486393,,32169.98633,57913.18359,83.45536041,9.189114571,16.5446434,7.355527878,0.082193017,1.280520439,5.729169846,2505.149902
North America,,Region,2013,561345659,,32945.41016,58690.05859,83.27072906,9.347920418,16.72927284,7.381351948,0.139849916,1.461711645,5.550339222,2515.799805
North America,,Region,2014,567078666,,33218.76563,58578.76172,83.1852951,9.452917099,16.81470871,7.361791611,0.245910227,1.586093307,5.397916317,2519.060059
North America,,Region,2015,572637322,,32998.96875,57626.29688,82.95942688,9.694766045,17.04057121,7.345804214,0.336310953,1.795008898,5.274349213,2419.050049
North America,,Region,2016,578186332,,33004.77344,57083.28125,82.28908539,10.35927868,17.7109127,7.351634979,0.463017583,2.107140064,5.394018173,2338.459961
North America,,Region,2017,583669319,,33223.15625,56921.19531,81.70839691,11.02742195,18.2916069,7.264184475,0.642090917,2.299165249,5.698097706,2255.030029
North America,,Region,2018,589049569,,34185.50391,58035.01953,82.10007477,10.84511948,17.89992523,7.054805756,0.759410083,2.396612883,5.397734642,2304.209961
North America,,Region,2019,594346844,,33963.76172,57144.68359,81.86165619,11.06631756,18.13834572,7.072029591,0.918939233,2.602924109,5.239987373,2190.550049
North America,,Region,2020,598250669,,31480.22656,52620.46094,80.09147644,12.47816181,19.90852547,7.430363655,1.234219313,3.181881905,5.728771687,1991.599976
North America,,Region,2021,600876349,,33017.72266,54949.28125,80.64131165,12.41107178,19.35869217,6.947619915,1.475748301,3.356298447,5.244483471,2082.369873
North America,,Region,2022,604356255,,33790.9375,55912.28125,80.30072021,13.03616428,19.69928169,6.663116932,1.748902678,3.696021318,5.259224892,2086.620117
North America,,Region,2023,608770547,,33425.44141,54906.46875,80.29483032,12.96475124,19.70516968,6.740419865,2.056684971,3.625723124,4.779068947,2026.51001
North America,,Region,2024,613150315,,33782.0625,55095.89063,79.73862457,13.5617466,20.26137543,6.69962883,2.538685322,3.856969357,4.627189159,2042.679932
Oceania,,Region,1990,26839397,,1237.514404,46108.12891,90.49690247,9.503096581,9.503096581,0,0,0,8.560826302,
Oceania,,Region,1991,27315331,,1234.127075,45180.74609,90.29969788,9.700303078,9.700303078,0,0.001233044,0,8.721345901,
Oceania,,Region,1992,27746651,,1250.921753,45083.70313,90.79441833,9.20558548,9.20558548,0,0.002700063,0.000154173,8.264015198,
Oceania,,Region,1993,28154388,,1280.688965,45488.07813,90.34809113,9.651911736,9.651911736,0,0.003183034,0.000650965,8.694455147,
Oceania,,Region,1994,28573089,,1332.688965,46641.40234,90.3082962,9.691700935,9.691700935,0,0.003645897,0.00136409,8.797734261,
Oceania,,Region,1995,29025267,,1369.20459,47172.85156,90.30685425,9.693142891,9.693142891,0,0.004313617,0.001633688,8.803808212,
Oceania,,Region,1996,29498702,,1406.124634,47667.33984,90.75222778,9.247771263,9.247771263,0,0.005082768,0.003042963,8.368983269,
Oceania,,Region,1997,29964609,,1435.309692,47900.16406,91.48249054,8.517511368,8.517511368,0,0.00595878,0.004100876,7.623091221,
Oceania,,Region,1998,30420070,,1464.353027,48137.72656,91.20861053,8.791389465,8.791389465,0,0.00678452,0.007636338,7.83599329,
Oceania,,Region,1999,30880117,,1517.280029,49134.53125,91.80041504,8.199584007,8.199584007,0,0.007464269,0.015074317,7.207070827,
Oceania,,Region,2000,31352968,,1534.81665,48952.83594,91.56358337,8.436415672,8.436415672,0,0.008497926,0.046208374,7.43481636,185.5599976
Oceania,,Region,2001,31847232,,1542.868164,48445.91016,92.23888397,7.761115074,7.761115074,0,0.009732846,0.076566473,6.794957638,193.25
Oceania,,Region,2002,32366021,,1577.037476,48725.09766,91.79994965,8.200047493,8.200047493,0,0.010171378,0.120212987,7.147534847,189.7200012
Oceania,,Region,2003,32894563,,1588.933228,48303.82422,92.00328064,7.996722698,7.996722698,0,0.010881461,0.14645052,6.858307362,192.8300018
Oceania,,Region,2004,33419063,,1639.124268,49047.58203,91.48014069,8.519862175,8.519862175,0,0.012111443,0.192012742,7.126864433,195.1200104
Oceania,,Region,2005,33956165,,1639.109009,48271.32422,91.80064392,8.199354172,8.199354172,0,0.013837297,0.315012276,6.386600971,198.3300018
Oceania,,Region,2006,34540362,,1701.102295,49249.69531,91.94884491,8.051154137,8.051154137,0,0.015380205,0.439214021,6.076099396,203.5800018
Oceania,,Region,2007,35190049,,1735.616699,49321.23438,92.1618042,7.838194847,7.838194847,0,0.01801159,0.581442952,5.640648842,206.75
Oceania,,Region,2008,35890355,,1761.850464,49089.80469,92.56643677,7.433562279,7.433562279,0,0.021426743,0.678435385,5.131174088,209.3699951
Oceania,,Region,2009,36593549,,1739.067627,47523.88672,91.86746979,8.132529259,8.132529259,0,0.044482496,0.895337999,5.580069065,209.1699982
Oceania,,Region,2010,37254088,,1743.971436,46812.88672,91.32054138,8.679459572,8.679459572,0,0.147014201,0.991927564,5.762749672,207.6900024
Oceania,,Region,2011,37890098,,1794.690674,47365.69141,90.17713165,9.822864532,9.822864532,0,0.296809018,1.215418577,6.473564148,204.3800049
Oceania,,Region,2012,38550537,,1773.963745,46016.57813,90.40817261,9.591828346,9.591828346,0,0.352258891,1.428989649,5.820299625,200.8800049
Oceania,,Region,2013,39233938,,1795.158813,45755.25391,89.74311066,10.25689125,10.25689125,0,0.55106324,1.612949729,6.022083282,194.0500031
Oceania,,Region,2014,39918746,,1817.133057,45520.79688,89.94637299,10.05362892,10.05362892,0,0.698168993,1.683753371,5.44990921,194.1700134
Oceania,,Region,2015,40615015,,1853.84314,45644.28125,89.65245819,10.34754181,10.34754181,0,0.853596449,1.944468975,5.288998604,197.6100006
Oceania,,Region,2016,41347231,,1862.573486,45047.11719,88.80503082,11.19497108,11.19497108,0,1.014909625,2.082270622,5.897934914,195.6799927
Oceania,,Region,2017,42093989,,1861.862671,44231.08203,89.3236084,10.67639065,10.67639065,0,1.211504459,2.061029911,5.209276199,198.1600037
Oceania,,Region,2018,42815501,,1884.35376,44011.01563,87.98381805,12.01618576,12.01618576,0,1.64762938,2.429142952,5.773505688,192.9300079
Oceania,,Region,2019,43504534,,1943.8573,44681.71875,87.70818329,12.29181862,12.29181862,0,2.356080294,2.778444529,5.066445827,190.5299988
Oceania,,Region,2020,44079305,,1824.714966,41396.18359,85.876091,14.12390804,14.12390804,0,3.264567614,3.388373375,5.261181355,182.6699982
Oceania,,Region,2021,44558542,,1825.173096,40961.23828,84.05914307,15.94085503,15.94085503,0,4.262844563,3.996243238,5.453718185,174.4700012
Oceania,,Region,2022,45049680,,1893.49939,42031.36328,83.02363586,16.97636414,16.97636414,0,4.940245628,4.29855299,5.607213974,168.4500122
Oceania,,Region,2023,45563135,,1897.110352,41636.95703,82.11371613,17.88628769,17.88628769,0,5.877705097,4.548139095,5.396393299,162.0699921
Oceania,,Region,2024,46089066,,1905.238647,41338.19141,81.81703186,18.18296814,18.18296814,0,6.550404072,4.729986191,4.723685741,167.1900024
Serbia and Montenegro,,Region,1992,10188744,,227.26474,22305.4707,,,,,,,,
Serbia and Montenegro,,Region,1993,10282967,,190.1678314,18493.47852,,,,,,,,
Serbia and Montenegro,,Region,1994,10349290,,186.1100464,17982.88086,,,,,,,,
Serbia and Montenegro,,Region,1995,10371560,,206.790802,19938.25391,,,,,,,,
Serbia and Montenegro,,Region,1996,10342919,,241.5894165,23357.95313,,,,,,,,
Serbia and Montenegro,,Region,1997,10270806,,261.613678,25471.58203,,,,,,,,
Serbia and Montenegro,,Region,1998,10171025,,266.0075684,26153.4668,,,,,,,,
Serbia and Montenegro,,Region,1999,10066727,,207.7836151,20640.63281,,,,,,,,
Serbia and Montenegro,,Region,2000,9975028,,212.8296509,21336.24609,,,,,,,,
Serbia and Montenegro,,Region,2001,9900831,,220.6553345,22286.54688,,,,,,,,
Serbia and Montenegro,,Region,2002,9840118,,247.6341095,25165.76563,,,,,,,,
Serbia and Montenegro,,Region,2003,9790282,,254.1034088,25954.65625,,,,,,,,
Serbia and Montenegro,,Region,2004,9745756,,259.6468811,26642.04688,,,,,,,,
Serbia and Montenegro,,Region,2005,9702399,,241.9832306,24940.55664,,,,,,,,
South America,,Region,1990,295639583,,3435.827881,11621.67773,67.8600769,31.35597801,32.1399231,0.783945262,0,0,28.65497589,
South America,,Region,1991,301035777,,3554.759521,11808.42871,66.92858124,32.3387146,33.07142258,0.732705474,0,0,29.67123413,
South America,,Region,1992,306386108,,3699.191162,12073.62598,67.5692749,31.75427628,32.43072891,0.676451802,0,0,29.08401108,
South America,,Region,1993,311712472,,3851.124512,12354.7334,66.59392548,32.80355453,33.40607452,0.602518737,0,0,30.1220665,
South America,,Region,1994,316983654,,4086.446289,12891.66211,66.55076599,32.87460709,33.44923782,0.574628115,0,0,30.16654015,
South America,,Region,1995,322239766,,4288.041992,13306.99219,66.8812027,32.48578262,33.1187973,0.633016109,0,0,29.79649162,
South America,,Region,1996,327454409,,4471.074219,13654.03613,67.04125214,32.33264923,32.95874786,0.62609905,0,0.000761123,29.60725403,
South America,,Region,1997,332642670,,4710.066406,14159.53809,67.02420044,32.30661774,32.97580338,0.669186234,0,0.00115391,29.75279999,
South America,,Region,1998,337868219,,4847.860352,14348.37598,67.37304688,32.00094604,32.62695694,0.626009226,9.93E-07,0.002221871,29.55646706,
South America,,Region,1999,343039488,,4852.016602,14144.19238,67.37687683,31.97637939,32.62312317,0.646743953,1.52E-06,0.002181353,29.45252609,
South America,,Region,2000,348018743,,4987.807617,14332.00879,66.80860138,32.49717712,33.19139862,0.694220006,0.00010716,0.002129716,30.29491997,114.0299988
South America,,Region,2001,352811861,,4943.042969,14010.42188,68.04055023,30.74488068,31.95944977,1.214569211,0.00015525,0.005316401,28.52535057,117.2099991
South America,,Region,2002,357458493,,4978.718262,13928.10156,66.96572876,31.93123627,33.03426743,1.103032351,0.000264521,0.008054852,29.49931145,116.4400024
South America,,Region,2003,361970820,,4995.901855,13801.94629,65.85569,32.98017502,34.14431381,1.164137483,0.000361329,0.0082394,30.50399971,121.7900009
South America,,Region,2004,366372166,,5292.897949,14446.7793,66.90748596,32.07604218,33.09251785,1.016474724,0.000419853,0.010048673,29.53167343,138.9100037
South America,,Region,2005,370696350,,5460.804688,14731.20703,66.43125916,32.72877884,33.56874084,0.839961648,0.000484582,0.011209489,30.10046768,140.6800079
South America,,Region,2006,374925352,,5732.88916,15290.74805,66.62698364,32.35181427,33.37301636,1.02119875,6.72E-06,0.018011101,29.80417442,146.9599915
South America,,Region,2007,379035651,,6025.526855,15896.99219,66.7868576,32.33149719,33.21313858,0.881643414,7.39E-06,0.035477877,29.1946125,162.9199982
South America,,Region,2008,383025009,,6235.885254,16280.62207,67.06167603,32.01742554,32.93832397,0.920900047,1.16E-05,0.057348292,28.12290001,183.4400024
South America,,Region,2009,386904378,,6192.379395,16004.93457,65.75311279,33.33373642,34.24689102,0.913155317,9.20E-06,0.06315317,28.96683311,175.0800018
South America,,Region,2010,390701117,,6511.887695,16667.18555,66.86183929,32.25279617,33.13816071,0.885362148,0.000464314,0.107728228,27.32007599,205.8600006
South America,,Region,2011,394477912,,6806.541504,17254.55664,66.83909607,32.30567169,33.16090012,0.855227232,0.001557031,0.125265643,27.61374092,201.9700012
South America,,Region,2012,398255319,,7048.699707,17698.94727,68.39789581,30.76734161,31.60210228,0.834759712,0.004815057,0.223367468,25.95127869,242.7100067
South America,,Region,2013,402022546,,7236.994629,18001.46484,69.5170517,29.70473671,30.48294449,0.778207958,0.010029264,0.284862012,24.27033615,282.8599854
South America,,Region,2014,405812435,,7300.901367,17990.82617,69.85516357,29.40495491,30.14483643,0.739880979,0.027314402,0.550191998,23.22821808,295.0700073
South America,,Region,2015,409619969,,7249.083496,17697.0957,69.23645782,29.99107933,30.76354027,0.772461414,0.064796962,0.966838121,22.68218422,303.5899963
South America,,Region,2016,413395039,,7191.099121,17395.22266,68.15473938,30.98709297,31.84526443,0.858170569,0.112210236,1.450597644,23.26275826,284.9899902
South America,,Region,2017,417045362,,7223.700195,17321.13867,67.2292099,32.00228882,32.77079391,0.768505752,0.192372411,1.820165277,23.6349678,267.75
South America,,Region,2018,420440405,,7141.375977,16985.46484,65.27200317,33.92859268,34.72800064,0.799409211,0.359818786,2.123838902,24.39035606,257.5100098
South America,,Region,2019,423548291,,7093.474609,16747.73438,64.28814697,34.83848572,35.71184921,0.873363674,0.548956275,2.579449654,24.25292969,259.1199951
South America,,Region,2020,426213552,,6567.752441,15409.53418,61.75397873,37.32352066,38.24602127,0.922498524,0.827478349,3.04883337,25.62358093,240.2599945
South America,,Region,2021,428331419,,7050.51123,16460.41016,64.63450623,34.48098755,35.36549759,0.884508848,1.133351564,3.553483009,22.65638733,270.8699951
South America,,Region,2022,430492816,,7417.20166,17229.56055,62.97913742,36.27746582,37.02086258,0.743398905,1.726924777,3.779743433,24.01797295,226.1999969
South America,,Region,2023,433024223,,7615.986328,17587.89844,61.72730637,37.50569153,38.27269363,0.767003238,2.471410275,4.173961163,23.79881477,211.8700104
South America,,Region,2024,435611337,,7719.65332,17721.42383,61.32237625,37.83278656,38.67762375,0.844837487,3.275084496,4.661977291,22.71523476,220.3000031
USSR,,Region,1990,291066478,3.1688E+12,17973.58203,61750.78125,,,,,,,,
USSR,,Region,1991,292664161,3.01217E+12,17691.90039,60451.20313,,,,,,,,
Upper-middle-income countries,,Region,1990,2133212546,,21499.82617,10078.61426,91.3917923,7.348104,8.608205795,1.260101557,3.89E-05,3.92E-05,6.845142365,
Upper-middle-income countries,,Region,1991,2167382314,,21931.8457,10119.04785,91.36296844,7.386824608,8.637028694,1.250204086,5.09E-05,0.000128399,6.876303196,
Upper-middle-income countries,,Region,1992,2197406055,,22301.22266,10148.88574,91.24728394,7.548053741,8.752715111,1.204661846,7.51E-05,0.001655837,7.028411865,
Upper-middle-income countries,,Region,1993,2225369861,,22735.42383,10216.46973,90.6494751,8.151101112,9.350523949,1.199422359,9.82E-05,0.002617168,7.618862152,
Upper-middle-income countries,,Region,1994,2251652283,,23438.29492,10409.37598,90.45734406,8.277385712,9.542655945,1.265270114,0.000119129,0.004632194,7.719928265,
Upper-middle-income countries,,Region,1995,2277401663,,24047.26563,10559.08008,90.02312469,8.66724205,9.976876259,1.30963397,0.000139367,0.007237324,8.055383682,
Upper-middle-income countries,,Region,1996,2302891501,,24996.97852,10854.60547,90.0608139,8.558958054,9.939188004,1.380230427,0.000167582,0.001250801,7.967311382,
Upper-middle-income countries,,Region,1997,2327613637,,25465.30078,10940.51855,90.00904846,8.582967758,9.990951538,1.407984495,0.000186438,0.002513312,7.98806715,
Upper-middle-income countries,,Region,1998,2351662004,,25464.17578,10828.16113,89.78555298,8.865117073,10.21444416,1.349326491,0.000230538,0.004575182,8.26006031,
Upper-middle-income countries,,Region,1999,2375149846,,25981.2168,10938.76953,90.03823853,8.661793709,9.961762428,1.299968958,0.000258261,0.006305696,8.048294067,
Upper-middle-income countries,,Region,2000,2398658002,,26991.66992,11252.82129,89.93595886,8.744393349,10.06404209,1.319648743,0.000415673,0.007464305,8.168429375,2014.209961
Upper-middle-income countries,,Region,2001,2421698836,,27857.4707,11503.27637,90.04930878,8.610647202,9.950690269,1.340043068,0.000523478,0.009318344,8.041535378,2125.919922
Upper-middle-income countries,,Region,2002,2443169936,,29316.13086,11999.21875,90.10533142,8.536830902,9.894669533,1.357838988,0.000686835,0.010281902,7.951001644,2307.25
Upper-middle-income countries,,Region,2003,2464250116,,32093.32617,13023.56641,90.66040039,7.89906168,9.339595795,1.440534115,0.000788112,0.01093924,7.331411362,2598.330078
Upper-middle-income countries,,Region,2004,2485797097,,35763.39844,14387.09473,90.66416931,7.968766689,9.335826874,1.367060423,0.000826356,0.012445582,7.412989616,2857.939941
Upper-middle-income countries,,Region,2005,2507751547,,38834.29688,15485.70313,90.89442444,7.848783016,9.105579376,1.256796122,0.000832148,0.016425693,7.272981644,3148.709961
Upper-middle-income countries,,Region,2006,2529346002,,41595.45703,16445.14258,90.95300293,7.836303234,9.04699707,1.210694432,0.001035322,0.028624687,7.256102562,3514.320068
Upper-middle-income countries,,Region,2007,2550034553,,44364.14063,17397.4668,91.01499176,7.804430962,8.98500824,1.180576921,0.001096699,0.042486612,7.119716644,3907.600098
Upper-middle-income countries,,Region,2008,2571616096,,45877.14063,17839.80859,90.24594879,8.583851814,9.754047394,1.170195818,0.001341586,0.091045,7.710830212,3993.52002
Upper-middle-income countries,,Region,2009,2594532094,,46811.65625,18042.42773,90.39601135,8.491510391,9.603987694,1.112476945,0.00210854,0.176661924,7.431284428,4171.870117
Upper-middle-income countries,,Region,2010,2617657240,,49628.5,18959.12891,89.98062134,8.937661171,10.01937866,1.081717134,0.004396707,0.295774102,7.673009872,4577.049805
Upper-middle-income countries,,Region,2011,2640400163,,52773.18359,19986.8125,90.29961395,8.601961136,9.700383186,1.09842217,0.01423361,0.412523717,7.250393867,5055.040039
Upper-middle-income countries,,Region,2012,2664517398,,54809.80469,20570.25586,89.65694427,9.236291885,10.34305763,1.106766224,0.022230592,0.56129539,7.708848476,5191.739746
Upper-middle-income countries,,Region,2013,2689585465,,56183.17188,20889.15625,89.41297913,9.458382607,10.58701897,1.128636599,0.050441518,0.725627124,7.596451759,5561.390137
Upper-middle-income countries,,Region,2014,2713983279,,57314.44141,21118.19922,88.66316223,10.1308012,11.33684063,1.206039786,0.124234371,0.85278672,7.933096886,5749.430176
Upper-middle-income countries,,Region,2015,2737646890,,57504.74609,21005.17188,87.98245239,10.65279675,12.0175457,1.364748478,0.205134928,1.036501884,8.094072342,5621.180176
Upper-middle-income countries,,Region,2016,2759890904,,58173.42969,21078.16211,87.18667603,11.28989792,12.81332493,1.523427486,0.331975043,1.340580344,8.244234085,5753.840332
Upper-middle-income countries,,Region,2017,2781778743,,60071.99609,21594.81445,86.65604401,11.72002602,13.34395504,1.623929024,0.560927391,1.623249531,8.074947357,6033.790039
Upper-middle-income countries,,Region,2018,2801804568,,62102.96484,22165.3457,85.9118576,12.3375597,14.08814049,1.750580549,0.826138735,1.857835889,7.982265472,6389.699707
Upper-middle-income countries,,Region,2019,2818594893,,64298.07031,22812.10156,85.09741974,13.01300526,14.90257931,1.88957417,1.041046619,2.021833181,8.132946968,6470.850098
Upper-middle-income countries,,Region,2020,2832101028,,64544.41016,22790.29297,84.43279266,13.66182423,15.56720829,1.905384779,1.243458748,2.295274258,8.187117577,6488.859863
Upper-middle-income countries,,Region,2021,2841892610,,67919.17188,23899.27539,83.97987366,14.00196171,16.02012444,2.018163204,1.482174993,2.979475498,7.533724308,6965.950195
Upper-middle-income countries,,Region,2022,2847730001,,69546.96875,24421.89648,83.16213226,14.93520164,16.83786392,1.902663112,1.860504746,3.327795506,7.649006367,7021.840332
Upper-middle-income countries,,Region,2023,2852870890,,72467.19531,25401.49805,82.86642456,15.26881695,17.13357925,1.864761949,2.41523385,3.653491259,7.029497623,7353.220215
Upper-middle-income countries,,Region,2024,2860329839,,74834.48438,26162.88672,81.43463135,16.67987823,18.56536484,1.885487676,3.29765749,3.960820913,7.219241142,7506.27002
West Germany,,Region,1990,63250000,,3363.037109,53170.54688,,,,,,,,
World,,Region,1990,5327803106,4.30336E+13,95856.28906,17991.71094,87.37608337,6.795954227,12.62391281,5.827959061,0.001131015,0.010581791,6.288306713,
World,,Region,1991,5418735886,,96516.40625,17811.60938,87.01726532,6.917012215,12.98273563,6.065723896,0.001461875,0.01182325,6.390476704,
World,,Region,1992,5505989815,,97104.88281,17636.22656,87.02257538,6.902818203,12.97742558,6.074607372,0.001341849,0.01361124,6.350960732,
World,,Region,1993,5591544802,,97894.8125,17507.65039,86.514328,7.251024723,13.48567104,6.23464632,0.001588441,0.016276453,6.6807971,
World,,Region,1994,5675551258,,99137.25,17467.42188,86.49636078,7.23165226,13.50363541,6.271983624,0.001682077,0.020094573,6.638069153,
World,,Region,1995,5758878977,,101315.3594,17592.89648,86.13788605,7.457648754,13.86211491,6.404466629,0.001761744,0.022810703,6.848042011,
World,,Region,1996,5842055730,,104245.8359,17844.0332,86.20362854,7.346980572,13.79637241,6.449391365,0.001873838,0.02469652,6.744711876,
World,,Region,1997,5924787819,,105269.2656,17767.60156,86.21961212,7.437510014,13.78038883,6.342879295,0.001989476,0.031921122,6.79746151,
World,,Region,1998,6007066691,,105852.3984,17621.3125,86.10109711,7.482252121,13.89890671,6.416654587,0.002142722,0.04204211,6.811859131,
World,,Region,1999,6089006328,,107613.9844,17673.48828,85.99747467,7.450789452,14.00252247,6.551733017,0.002350197,0.055106655,6.75101614,
World,,Region,2000,6171702992,5.98977E+13,110416.3984,17890.75,86.04496765,7.425628662,13.95503426,6.529406071,0.002677202,0.079470016,6.696429253,8055.910156
World,,Region,2001,6254936464,,111493.2891,17824.84766,86.20703888,7.182631493,13.79296017,6.610328674,0.003542428,0.095609933,6.423673153,8203.80957
World,,Region,2002,6337730343,,113894.4297,17970.85352,86.29216766,7.186205387,13.70783424,6.521629333,0.004347071,0.126714244,6.352780819,8543.290039
World,,Region,2003,6420361633,,117849.6016,18355.60156,86.88576508,6.975091934,13.11423302,6.13914156,0.005235426,0.147090495,6.096404552,9054.740234
World,,Region,2004,6503377774,,123841.7422,19042.67969,86.77322388,7.152575493,13.22677803,6.074202061,0.006528992,0.188336015,6.195563793,9394.19043
World,,Region,2005,6586970132,,127936.7188,19422.69531,86.95979309,7.19153595,13.04021072,5.848674774,0.008834695,0.221024916,6.15002203,9853.709961
World,,Region,2006,6671452019,,131481.2031,19708.0332,86.93086243,7.338557243,13.06913662,5.730579853,0.011765483,0.272928447,6.178544521,10293.70996
World,,Region,2007,6757308776,,135617.9844,20069.82227,87.204216,7.383397102,12.79578018,5.41238308,0.015385081,0.33804059,6.055810452,10934.51953
World,,Region,2008,6844457659,,137229.4063,20049.71289,86.85323334,7.854663372,13.14676952,5.292106628,0.024514405,0.428039342,6.286050797,11010.20996
World,,Region,2009,6932766416,,135033.2188,19477.53711,86.56497192,8.160820007,13.43502903,5.274209023,0.041156929,0.540955484,6.344432831,10839.05957
World,,Region,2010,7021732143,8.98077E+13,141602.0469,20166.25586,86.50988007,8.369888306,13.49012089,5.120232582,0.06274125,0.64072454,6.344398975,11564.26953
World,,Region,2011,7110923773,,144913.2969,20378.96875,86.6827774,8.548671722,13.31722164,4.768550396,0.118194111,0.792700708,6.278977871,12089.32031
World,,Region,2012,7201202478,,147002.4219,20413.59375,86.68147278,8.962557793,13.31853008,4.35597229,0.178989336,0.935906768,6.420446396,12341.69043
World,,Region,2013,7291793585,,149599.7344,20516.17773,86.34966278,9.367213249,13.65033436,4.283121109,0.238400176,1.093628883,6.515127659,12697.32031
World,,Region,2014,7381616239,,151239.1719,20488.625,85.96607971,9.732479095,14.03391647,4.301437855,0.333966196,1.195472717,6.583148479,12935.69043
World,,Region,2015,7470491876,1.06872E+14,152357.625,20394.58984,85.69416046,10.00040722,14.30583668,4.305429459,0.428870201,1.390514851,6.485150814,12802.33008
World,,Region,2016,7558554527,1.10407E+14,154221.4844,20403.56836,85.28295898,10.43092632,14.71704292,4.2861166,0.537909091,1.578666449,6.585735321,12972.07031
World,,Region,2017,7645617952,1.1453E+14,157625.3125,20616.42578,84.99661255,10.79323864,15.00339031,4.210151672,0.711884737,1.824128389,6.495503902,13281.24023
World,,Region,2018,7729902779,1.18766E+14,161806.125,20932.49219,84.61925507,11.2016573,15.38074207,4.179084778,0.890803874,1.967392683,6.482607841,13722.01953
World,,Region,2019,7811293699,1.22149E+14,163694.6094,20956.14648,84.09172058,11.65060616,15.90828228,4.257675648,1.075974226,2.165966988,6.461119652,13570.58984
World,,Region,2020,7887001289,1.1859E+14,157993.8906,20032.1875,82.98474884,12.78091335,17.01525116,4.234336853,1.349948525,2.512830496,6.864256382,13150.74023
World,,Region,2021,7954448387,1.26005E+14,166043.5,20874.29492,82.95035553,12.86111927,17.04964638,4.188527584,1.573327422,2.780558825,6.416603565,13982.88965
World,,Region,2022,8021407196,1.30113E+14,169061.5313,21076.29297,82.57288361,13.50355244,17.42711639,3.923563719,1.936798334,3.089942694,6.347590446,14155.7998
World,,Region,2023,8091734933,,172238.7813,21285.76758,82.14785004,13.94283772,17.85215187,3.909313679,2.357475758,3.316855669,6.084335804,14333.66992
World,,Region,2024,8161972574,,176737.0938,21653.72266,81.25718689,14.82213879,18.74281311,3.920674562,2.938619137,3.494268417,6.196522236,14570.48047
World,,Region,2025,8231613067,,,,,,,,,,,14560.86035
Yugoslavia,,Region,1990,22720000,2.07144E+11,802.2416382,35309.92969,,,,,,,,
Yugoslavia,,Region,1991,23070000,1.81726E+11,713.3272705,30920.125,,,,,,,,
